9,,1,0
10,,2,
1,,3,
1,,,
1,,12,12
1,,10,
1,,10,
1,,,
1,,2,46
1,,3,
1,,2,
66,,,
37,,2,54
19,,3,
1,,4,
1,,,
1,,3,68
1,,4,
1,,5,
4,,,
1,,3,82
1,,3,
30,,2,
2,,,
2,,3,93
7,,2,
1,,8,
2,,,
17,,2,108
3,,3,
1,,5,
8,,,
1,,4,120
4,,2,
2,,2,
1,,,
1,,4,131
1,,4,
3,,2,
1,,,
1,,4,146
1,,5,
1,,2,
1,,,
2,,3,160
96,,1,
16,,2,
1,,,
1,,4,169
2,,4,
1,,4,
1,,,
3,,4,185
2,,4,
2,,4,
1,,,
1,,4,201
1,,4,
2,,2,
1,,,
1,,3,214
2,,3,
1,,2,
1,,,
1,,3,226
13,,2,
1,,3,
1,,,
11,,2,240
1,,3,
1,,4,
1,,,
1,,2,253
1,,2,
1,,2,
1,,,
2,,2,262
3,,3,
4,,3,
1,,,
1,,6,272
61,,1,
10,,2,
3,,,
1,,3,284
1,,5,
1,,6,
1,,,
2,,4,300
2,,2,
1,,2,
2,,,
1,,3,310
1,,3,
1,,5,
3,,,
1,,2,323
1,,2,
1,,3,
1,,,
2,,3,333
55,,1,
5,,2,
1,,,
1,,2,343
1,,2,
3,,2,
5,,,
1,,4,351
1,,2,
4,,3,
1,,,
64,,1,362
20,,2,
2,,3,
1,,,
1,,4,372
1,,5,
1,,4,
1,,,
1,,2,388
1,,7,
1,,3,
2,,,
1,,3,402
1,,4,
1,,3,
1,,,
4,,3,416
35,,1,
3,,2,
2,,,
1,,5,425
2,,2,
1,,3,
18,,,
3,,2,436
1,,3,
1,,7,
1,,,
1,,2,450
1,,3,
2,,2,
1,,,
20,,1,460
4,,2,
1,,4,
2,,,
1,,2,471
2,,3,
20,,1,
3,,,
1,,2,479
2,,2,
1,,2,
8,,,
1,,3,487
1,,8,
1,,2,
1,,,
1956,,1,503
1,,14,
1,,4,
1,,,
21,,4,531
156,,5,
5,,5,
2,,,
1,,7,552
4,,8,
23,,10,
1,,,
1,,8,583
2,,7,
1,,3,
9,,,
1,,6,605
2,,10,
2,,6,
1,,,
2,,8,637
1,,9,
1,,11,
1,,,
4,,9,678
2,,7,
1,,10,
1,,,
1,,3,715
2,,7,
1,,7,
10,,,
1,,5,736
1,,11,
1,,7,
1,,,
1,,4,767
7,,6,
1,,8,
4,,,
1,,10,791
1,,8,
2,,4,
10,,,
48,,8,819
1,,2,
57,,3,
27,,,
5,,6,837
15,,8,
4,,9,
2,,,
4,,9,869
1,,7,
9,,6,
9,,,
1,,10,899
5,,12,
1,,9,
3,,,
1,,6,939
2,,7,
1,,9,
7,,,
1,,11,965
6,,5,
1,,10,
1,,,
1,,8,998
2,,5,
1,,6,
1,,,
9,,5,1021
2,,6,
1,,8,
3,,,
1,,10,1049
9,,10,
1,,10,
3,,,
1,,10,1090
1,,5,
1,,7,
1,,,
3,,8,1119
1,,9,
1,,9,
1,,,
1,,8,1157
1,,6,
5,,10,
1,,,
1,,8,1192
94,,5,
8,,9,
2,,,
14,,10,1224
7,,10,
98,,5,
2,,,
14,,5,1256
4,,3,
2,,4,
5,,,
1,,11,1272
1,,12,
1,,9,
1,,,
12,,3,1309
8,,5,
4,,6,
4,,,
1,,4,1328
11,,5,
1,,5,
2,,,
5,,3,1348
1,,4,
1,,3,
1,,,
1,,4,1361
8,,3,
1,,6,
1,,,
2,,5,1382
1,,3,
2,,4,
2,,,
1,,7,1396
2,,6,
1,,8,
1,,,
1,,7,1423
1,,8,
8,,3,
1,,,
1,,8,1446
2,,5,
1,,8,
286,,,
1,,8,1470
2,,9,
7,,8,
13,,,
6,,7,1504
1,,5,
4,,5,
4,,,
2,,6,1528
3,,6,
3,,7,
44,,,
3,,5,1553
15,,5,
2,,4,
1,,,
11,,7,1573
1,,7,
148,,4,
1,,,
1,,11,1596
5,,11,
11,,11,
1,,,
20,,8,1641
1,,9,
1,,6,
5,,,
1,,6,1671
5,,8,
54,,6,
1,,,
109,,2,1700
1,,8,
3,,6,
1,,,
27,,7,1722
1,,9,
169,,6,
3,,,
1,,11,1749
2,,7,
8,,8,
2,,,
2,,5,1780
1,,7,
1,,4,
38,,,
5,,7,1802
138,,2,
1,,7,
1,,,
2,,7,1825
2123,,3,
1,,4,
1,,,
1,,5,1845
2,,6,
4,,7,
3,,,
1,,12,1868
5,,7,
2,,5,
1,,,
1,,8,1899
1,,8,
1,,7,
1,,,
30,,7,1931
1,,6,
1,,7,
2,,,
1,,11,1955
2,,11,
1,,12,
115,,,
13,,7,1992
25,,6,
33,,8,
3,,,
11,,6,2020
3,,7,
11,,8,
1,,,
8,,5,2047
1,,6,
1,,9,
1,,,
1,,8,2075
3,,10,
1,,6,
1,,,
3,,6,2108
1,,10,
2,,8,
2,,,
2,,8,2139
1,,9,
1,,10,
15,,,
12,,6,2171
1,,12,
1,,11,
5,,,
1,,11,2210
1,,11,
2,,11,
1,,,
1,,7,2251
1,,8,
1,,6,
1,,,
3,,13,2283
3,,7,
1,,8,
1,,,
1,,6,2316
1,,6,
693,,3,
8,,,
2,,5,2335
19,,4,
1,,8,
3,,,
2,,4,2355
13,,5,
1,,8,
38,,,
1,,8,2378
1,,10,
6,,6,
31,,,
2,,7,2409
4,,8,
2,,9,
1,,,
1,,9,2436
1,,9,
1,,8,
1,,,
16,,10,2471
1,,9,
1,,7,
2,,,
437,,2,2502
1,,3,
3,,4,
7,,,
1,,5,2516
1,,4,
8,,3,
5,,,
2,,6,2533
8,,9,
1,,9,
1,,,
1,,6,2567
3,,3,
3,,5,
1,,,
1,,9,2589
1,,6,
1,,10,
1,,,
1,,10,2622
1,,8,
2,,10,
3,,,
1,,10,2658
2,,7,
1,,8,
303,,,
12,,3,2685
1,,7,
1,,8,
1,,,
1,,10,2710
2,,9,
1,,8,
1,,,
1,,7,2746
1,,3,
2,,6,
2,,,
2,,9,2766
2,,10,
1,,7,
2,,,
1,,6,2801
1,,4,
1,,9,
1,,,
1,,8,2833
2,,6,
28,,9,
3,,,
1,,8,2863
1,,7,
7,,5,
1,,,
1,,8,2891
1,,5,
1,,5,
33,,,
17,,7,2913
1,,11,
9,,5,
3,,,
4,,1,2942
1,,10,
1,,10,
2,,,
4,,10,2973
5,,10,
1,,10,
2,,,
1,,10,3013
1,,10,
1,,10,
1,,,
2,,10,3053
1,,10,
1,,10,
1,,,
1,,10,3093
1,,10,
1,,2,
1,,,
1,,3,3117
1,,2,
1,,4,
13,,,
1,,5,3132
42,,4,
1,,7,
44,,,
1,,10,3152
1,,8,
9,,8,
1,,,
1,,8,3183
60,,3,
2,,5,
194,,,
2,,6,3202
1,,6,
127,,4,
2,,,
15,,5,3222
1,,5,
1,,6,
20,,,
26,,7,3244
3,,8,
4,,4,
1,,,
2,,5,3270
8,,6,
2,,7,
2,,,
1,,7,3292
17,,3,
1,,7,
5,,,
1,,9,3317
7,,8,
1,,7,
3,,,
1,,6,3347
4,,7,
1,,9,
1,,,
1,,8,3373
3,,6,
1,,7,
28,,,
9,,4,3398
9,,5,
1,,7,
1,,,
1,,5,3419
2,,9,
2,,5,
3,,,
7,,6,3443
6,,5,
3,,7,
3,,,
1,,4,3469
1,,9,
1,,8,
2,,,
1,,4,3493
13,,3,
286,,2,
2,,,
1,,4,3507
1,,6,
15,,4,
30,,,
2,,4,3526
1,,8,
9,,5,
9,,,
2,,6,3547
1,,7,
4,,5,
1,,,
4,,9,3573
1,,11,
3,,6,
7,,,
137,,7,3605
1,,7,
1,,8,
11,,,
3,,7,3633
3,,8,
3,,3,
1,,,
1,,7,3658
2,,7,
2,,3,
4,,,
104,,4,3679
12,,4,
67,,6,
3,,,
3,,5,3698
3,,6,
41,,5,
1,,,
1,,7,3721
23,,7,
2,,9,
1,,,
1,,7,3750
3,,5,
1,,10,
2,,,
5,,8,3779
1,,7,
1,,8,
4,,,
1,,7,3810
4,,7,
14,,5,
7,,,
181,,4,3836
3,,3,
1,,9,
123,,,
2,,5,3858
10,,7,
3,,8,
2,,,
4,,6,3887
1,,5,
5,,6,
1,,,
2,,6,3906
37,,3,
1,,7,
10,,,
3,,4,3928
2,,4,
1,,7,
1,,,
2,,6,3946
1,,5,
1,,13,
1,,,
1,,5,3979
5,,8,
1,,8,
4,,,
2,,8,4007
1,,8,
1,,8,
1,,,
69,,3,4039
14,,4,
7,,5,
6,,,
1,,6,4055
17,,6,
1,,2,
29,,,
2,,10,4074
2,,5,
11,,5,
31,,,
2,,7,4099
2,,7,
4,,6,
2,,,
1,,4,4123
1,,5,
1,,5,
1,,,
1,,8,4142
2,,4,
1,,6,
6,,,
3,,6,4165
1,,4,
2,,5,
1,,,
11,,4,4185
1,,11,
4,,9,
7,,,
1,,4,4218
5,,3,
7,,6,
1,,,
17,,4,4236
1,,8,
3,,4,
1,,,
3,,7,4258
1,,4,
1,,6,
1,,,
2,,4,4280
1,,8,
5,,5,
6,,,
1,,5,4301
1,,7,
9,,5,
1,,,
3,,4,4326
1,,10,
4,,6,
1,,,
39,,4,4352
2,,6,
1,,10,
35,,,
1,,7,4378
15,,7,
18,,6,
2,,,
1,,5,4405
89,,6,
1,,7,
1,,,
2,,7,4428
1,,5,
1,,6,
8,,,
3,,5,4450
86,,3,
1,,5,
27,,,
4,,3,4468
2,,9,
1,,4,
1,,,
1102,,2,4487
1,,5,
1,,7,
2,,,
1,,6,4508
136,,5,
51,,6,
1,,,
8,,5,4530
1,,6,
4,,5,
1,,,
23,,9,4554
4,,8,
2,,6,
1,,,
1,,7,4586
9,,6,
1,,8,
3,,,
3,,6,4612
1,,6,
8,,4,
5,,,
1,,6,4634
2,,7,
1,,7,
1,,,
4,,6,4660
1,,8,
1,,9,
2,,,
6,,5,4688
1,,8,
7,,6,
1,,,
1,,8,4714
2,,7,
1,,3,
1,,,
1,,5,4740
2,,5,
24,,6,
4,,,
3,,7,4761
3,,8,
10,,7,
42,,,
2,,7,4788
2,,7,
1,,8,
1,,,
1,,6,4816
1,,5,
1,,8,
1,,,
1,,3,4838
6,,6,
1,,7,
2,,,
6,,5,4858
1,,7,
1,,6,
6,,,
2,,7,4880
2,,6,
1,,7,
1,,,
1,,5,4903
1,,4,
3,,8,
1,,,
1,,7,4926
1,,9,
1,,8,
12,,,
1,,7,4954
2,,5,
2,,6,
1,,,
3,,5,4978
1,,4,
1,,7,
9,,,
2,,6,4998
8,,7,
3,,5,
9,,,
2,,8,5021
1,,5,
2,,8,
1,,,
5,,8,5048
2,,6,
5,,4,
559,,,
16,,6,5069
4,,10,
1,,9,
1,,,
2,,12,5101
2,,7,
148,,3,
4,,,
33,,6,5128
124,,2,
1,,6,
10,,,
2,,2,5143
2,,6,
4,,7,
1,,,
2,,4,5164
2,,11,
17,,8,
2,,,
1,,7,5194
27,,4,
2,,5,
1,,,
1,,9,5218
1,,3,
5,,7,
1,,,
1,,10,5246
1,,11,
1,,12,
1,,,
4,,10,5287
4,,4,
14,,6,
1,,,
1,,5,5314
1,,5,
8,,7,
28,,,
1,,4,5339
44,,4,
1,,8,
2,,,
1,,7,5364
248,,3,
2,,6,
2,,,
3,,9,5388
2,,6,
7,,7,
27,,,
9,,4,5415
1,,5,
4,,7,
2,,,
1,,8,5436
9,,6,
1,,6,
1,,,
15,,6,5463
2,,6,
6,,4,
6,,,
1,,10,5483
2,,4,
1,,10,
5,,,
15,,7,5510
1,,10,
1,,10,
1,,,
4,,9,5548
2,,8,
8,,4,
1,,,
1,,13,5581
2,,11,
1,,5,
3,,,
13,,4,5619
1,,5,
8,,7,
5,,,
1,,5,5644
1,,7,
1,,6,
1,,,
2,,9,5668
1,,8,
2,,11,
5,,,
1,,7,5703
4,,7,
6,,6,
10,,,
15,,5,5730
2,,8,
1,,4,
1,,,
1,,4,5753
56,,4,
1,,6,
5,,,
1,,4,5772
1,,6,
5,,7,
1,,,
1,,6,5793
1,,6,
24,,3,
2,,,
1,,9,5813
2,,8,
33,,4,
1,,,
9,,5,5841
1,,6,
4,,7,
1,,,
3,,7,5867
3,,4,
4,,6,
5,,,
1,,7,5890
1,,6,
1,,6,
2,,,
2,,7,5920
3,,5,
1,,9,
7,,,
2,,7,5947
11,,9,
6,,9,
1,,,
2,,3,5978
1,,4,
1,,5,
1,,,
1,,6,5995
1,,5,
1,,6,
1,,,
4,,9,6021
1,,9,
5,,6,
2,,,
23,,6,6052
20,,7,
4,,7,
2,,,
1,,8,6080
3,,9,
2,,14,
1,,,
2,,6,6121
1,,7,
1,,7,
2,,,
1,,8,6149
1,,5,
1,,6,
9,,,
27,,7,6173
1,,8,
6,,5,
2,,,
1,,8,6200
22,,7,
1,,8,
1,,,
1,,7,6230
1,,6,
26,,6,
5,,,
1,,11,6259
2,,7,
1,,6,
1,,,
9,,8,6287
1,,10,
6,,9,
1,,,
1,,9,6321
1,,5,
2,,8,
10,,,
3,,11,6349
5,,4,
1,,6,
5,,,
7,,5,6377
1,,9,
30,,7,
4,,,
2,,9,6403
5,,8,
5,,5,
1,,,
1,,8,6434
2,,5,
4,,7,
97,,,
1,,8,6458
1,,10,
562,,5,
1,,,
1,,4,6490
1,,5,
1,,4,
1,,,
1,,5,6508
93,,9,
6,,10,
1,,,
10,,6,6541
5,,7,
2,,5,
2,,,
1,,7,6566
5,,11,
3,,6,
1,,,
1,,8,6597
1,,4,
4,,7,
1,,,
1,,8,6623
1,,5,
4,,5,
1,,,
1,,6,6652
1,,7,
10,,9,
2,,,
2,,6,6681
1,,4,
1,,5,
4,,,
2,,6,6702
1,,6,
1,,7,
1,,,
1,,6,6726
9,,8,
1,,4,
23,,,
1,,4,6752
1,,12,
2,,6,
3,,,
1,,6,6780
5,,6,
4,,4,
1,,,
1,,7,6801
1,,8,
2,,6,
1,,,
1,,5,6829
6,,5,
9,,7,
5,,,
14,,5,6857
2,,7,
5,,8,
10,,,
2,,7,6882
1,,8,
1,,7,
1,,,
1,,8,6908
1,,5,
2,,7,
2,,,
9,,5,6932
3,,6,
2,,7,
1,,,
1,,5,6957
2,,5,
2,,4,
1,,,
1,,5,6976
1,,7,
1,,8,
1,,,
1,,10,7004
4,,2,
1,,3,
1,,,
2,,4,7027
4,,6,
1,,7,
3,,,
1,,4,7049
9,,6,
1,,8,
4,,,
8,,7,7072
2,,3,
4,,4,
1,,,
139,,6,7091
1,,11,
1,,10,
10,,,
1,,4,7125
1,,4,
13,,4,
1,,,
2,,8,7143
1,,9,
1,,7,
1,,,
26,,5,7173
6,,7,
1,,8,
1,,,
5,,9,7201
3,,6,
1,,6,
37,,,
19,,11,7225
1,,7,
1,,8,
5,,,
31,,4,7256
18,,5,
1,,7,
1,,,
1,,6,7283
8,,6,
1,,7,
1,,,
3,,8,7311
4,,10,
2,,11,
1,,,
1,,9,7346
4,,6,
2,,8,
1,,,
1,,7,7380
1,,9,
1,,10,
2,,,
36,,7,7415
1,,10,
2,,7,
7,,,
2,,8,7447
2,,9,
6,,10,
2,,,
1,,9,7485
2,,7,
1,,8,
3,,,
1,,11,7520
3,,8,
1,,10,
3,,,
6,,10,7558
1,,8,
4,,10,
1,,,
5,,8,7597
8,,10,
6,,7,
1,,,
1,,11,7632
2,,10,
1,,11,
2,,,
1,,3,7672
4,,11,
1,,12,
2,,,
3,,7,7705
5,,9,
1,,10,
2,,,
1,,7,7741
1,,9,
1,,10,
7,,,
1,,10,7776
1,,5,
1,,10,
2,,,
3,,9,7814
3,,9,
1,,9,
1,,,
1,,11,7853
6,,4,
4,,8,
2,,,
10,,11,7886
22,,11,
5,,10,
5,,,
1,,9,7930
4,,10,
1,,12,
2,,,
4,,7,7973
2,,8,
2,,8,
3,,,
1,,8,8005
3,,9,
4,,11,
2,,,
1,,9,8040
1,,10,
13,,7,
2,,,
9,,9,8075
3,,10,
1,,10,
9,,,
1,,12,8112
1,,13,
8,,7,
5,,,
14,,8,8152
4,,9,
1,,9,
1,,,
1,,12,8188
1,,12,
11,,7,
1,,,
10,,11,8230
13,,10,
1,,10,
1,,,
1,,12,8273
2,,7,
13,,4,
21,,,
12,,6,8302
29,,7,
14,,7,
5,,,
5,,4,8327
4,,6,
1,,4,
1,,,
1,,4,8348
1,,7,
23,,4,
3,,,
2,,6,8372
1,,8,
1,,10,
1,,,
1,,10,8403
12,,4,
2,,6,
2,,,
1,,8,8429
4,,5,
1,,5,
1,,,
76,,5,8452
26,,6,
2,,7,
9,,,
2,,7,8475
1,,11,
2,,9,
11,,,
1,,6,8509
15,,6,
3,,6,
3,,,
16,,6,8534
1,,7,
6,,8,
8,,,
1,,3,8562
1,,5,
2,,7,
4,,,
3,,8,8584
2,,6,
1,,6,
1,,,
3,,8,8609
1,,6,
2,,11,
1,,,
1,,4,8643
3,,5,
2,,5,
1,,,
5,,7,8663
1,,8,
1,,7,
2,,,
6,,5,8692
35,,5,
13,,7,
9,,,
1,,8,8717
6,,6,
3,,6,
1,,,
1,,7,8744
3,,8,
1,,8,
1,,,
1,,7,8773
1,,5,
1,,8,
4,,,
1,,5,8798
2,,7,
14,,5,
1,,,
1,,9,8825
3,,6,
20,,6,
1,,,
1,,9,8852
1,,7,
5,,4,
1,,,
4,,5,8877
1,,7,
1,,5,
1,,,
1,,5,8900
1,,7,
1,,8,
2,,,
3,,6,8927
25,,6,
1,,8,
1,,,
2,,9,8955
1,,10,
1,,11,
37,,,
2,,6,8992
3,,7,
8,,5,
1,,,
1,,6,9018
2,,4,
1,,6,
2,,,
1,,10,9041
5,,8,
1,,2,
4,,,
1,,9,9069
1,,7,
1,,8,
43,,,
2,,8,9096
1,,8,
16,,4,
2,,,
1,,4,9120
1,,6,
7,,7,
2,,,
2,,5,9146
1,,5,
1,,9,
1,,,
1,,7,9175
1,,6,
9,,8,
2,,,
1,,7,9205
29,,3,
7,,4,
3,,,
1,,6,9223
4,,7,
1,,7,
54,,,
1,,3,9244
5,,3,
14,,5,
5,,,
2,,6,9260
4,,7,
2,,8,
1,,,
1,,4,9285
1,,7,
3,,10,
1,,,
19,,4,9317
2,,4,
1,,6,
1,,,
3,,3,9337
2,,4,
23,,4,
3,,,
30,,8,9353
2,,9,
59,,3,
20,,,
5,,2,9377
3,,4,
33,,4,
1,,,
1,,8,9394
1,,5,
1,,4,
2,,,
1,,9,9416
1,,8,
1,,7,
2,,,
1,,6,9445
2,,8,
9,,6,
5,,,
2,,6,9474
19,,7,
1,,8,
2,,,
1,,9,9503
2,,10,
3,,10,
1,,,
2,,10,9543
2,,9,
1,,8,
1,,,
1,,5,9576
6,,4,
1,,6,
1,,,
4,,10,9594
3,,8,
48,,10,
1,,,
1,,11,9636
1,,9,
1,,6,
2,,,
1,,9,9669
4,,10,
1,,10,
3,,,
1,,12,9702
2,,8,
1,,10,
73,,,
1,,13,9741
4,,7,
2,,9,
5,,,
1,,12,9780
1,,8,
1,,10,
13,,,
1,,10,9819
21,,8,
1,,6,
1,,,
1,,8,9851
1,,6,
3,,5,
1,,,
1,,6,9874
1,,8,
1,,6,
1,,,
4,,9,9904
2,,7,
1,,9,
2,,,
1,,7,9934
2,,8,
5,,9,
7,,,
3,,6,9969
3,,7,
1,,8,
1,,,
1,,9,9998
4,,6,
4,,8,
1,,,
1,,7,10028
5,,4,
1,,9,
3,,,
7,,7,10055
4,,8,
1,,7,
1,,,
1,,6,10086
1,,8,
1,,7,
1,,,
1,,10,10115
1,,8,
1,,7,
1,,,
1,,9,10149
1,,7,
2,,8,
1,,,
1,,8,10180
3,,8,
3,,9,
1,,,
1,,7,10213
1,,6,
2,,11,
2,,,
1,,5,10245
1,,6,
72,,3,
54,,,
1,,5,10263
4,,3,
1,,5,
26,,,
3,,7,10280
1,,8,
2,,5,
1,,,
10,,10,10308
48,,9,
1,,14,
2,,,
8,,9,10352
1,,10,
1,,3,
1,,,
1,,8,10380
2,,10,
2,,9,
1,,,
1,,7,10416
1,,7,
1,,5,
1,,,
19,,5,10441
1,,6,
1,,8,
1,,,
1,,10,10464
1,,5,
1,,6,
20,,,
4,,7,10491
1,,8,
11,,3,
1,,,
4,,7,10515
3,,4,
2,,6,
3,,,
5,,8,10542
1,,4,
2,,5,
2,,,
1,,11,10568
1,,12,
1,,10,
23,,,
6,,13,10613
5,,14,
1,,15,
1,,,
1,,7,10659
1,,9,
1,,10,
1,,,
1,,5,10695
1,,10,
2,,12,
3,,,
2,,9,10730
1,,10,
1,,12,
3,,,
8,,10,10769
1,,9,
2,,5,
5,,,
1,,12,10800
1,,8,
1,,9,
1,,,
1,,12,10839
1,,11,
11,,4,
4,,,
1,,10,10872
2,,5,
2,,7,
1,,,
1,,9,10900
1,,10,
1,,7,
2,,,
1,,10,10934
1,,11,
5,,12,
1,,,
1,,8,10980
1,,9,
1,,8,
3,,,
2,,11,11013
1,,10,
2,,11,
2,,,
119,,2,11057
3,,6,
1,,9,
1,,,
43,,4,11081
42,,5,
1,,6,
47,,,
25,,4,11099
6,,5,
1,,5,
1,,,
5,,6,11119
6,,7,
1,,6,
1,,,
161,,3,11147
16,,4,
6,,4,
1,,,
8,,4,11163
1,,8,
1,,5,
1,,,
1,,4,11186
1,,5,
1,,3,
4,,,
6,,5,11204
1,,11,
1,,7,
1,,,
39,,4,11232
1,,8,
1,,8,
3,,,
3,,6,11257
1,,2,
2,,6,
1,,,
1,,5,11276
1,,11,
1,,6,
1,,,
3,,8,11302
1,,5,
2,,9,
11,,,
53,,5,11329
1,,9,
3,,7,
31,,,
16,,6,11358
1,,8,
1,,6,
2,,,
1,,6,11383
1,,6,
1,,7,
1,,,
1,,6,11409
4,,4,
3,,7,
1,,,
1,,6,11432
1,,4,
3,,5,
24,,,
2,,4,11450
1,,4,
14,,3,
1,,,
1,,6,11464
1,,3,
1,,4,
1,,,
1,,7,11481
1,,7,
1,,8,
17,,,
2,,4,11509
1,,4,
1,,8,
4,,,
42,,4,11526
1,,5,
4,,3,
11,,,
3,,7,11542
1,,8,
7,,5,
2,,,
1,,8,11568
1,,4,
28,,5,
2,,,
1,,6,11593
2,,6,
1,,4,
10,,,
10,,6,11615
2,,4,
2,,7,
46,,,
117,,3,11636
29,,5,
3,,5,
5,,,
65,,6,11655
10,,4,
1,,2,
1,,,
3,,3,11675
1,,11,
4,,10,
1,,,
2,,8,11706
1,,3,
1,,2,
1,,,
9,,6,11723
4,,4,
1,,6,
1,,,
1,,8,11745
1,,3,
6,,6,
4,,,
6,,7,11771
2,,9,
1,,6,
1,,,
1,,7,11800
4,,3,
10,,4,
1,,,
1,,4,11819
28,,6,
2,,2,
1,,,
4,,12,11841
2,,7,
1,,10,
1,,,
1,,6,11878
2,,5,
1,,5,
23,,,
6,,9,11898
1,,6,
2,,2,
3,,,
2,,11,11920
1,,12,
1,,8,
1,,,
1,,9,11962
1,,8,
2,,9,
8,,,
2,,11,11993
1,,9,
16,,3,
9,,,
1,,6,12021
2,,4,
1,,9,
3,,,
2,,9,12050
3,,9,
54,,6,
1,,,
5,,7,12082
4,,7,
1,,7,
2,,,
1,,9,12111
55,,5,
4,,9,
15,,,
4,,8,12141
5,,6,
63,,6,
1,,,
3,,6,12167
1,,8,
2,,5,
1,,,
1,,13,12198
1,,10,
1,,16,
12,,,
2,,8,12243
2,,6,
1,,7,
1,,,
1,,10,12272
2,,11,
4,,13,
1,,,
1,,7,12313
1,,5,
3,,7,
4,,,
1,,6,12338
1,,9,
1,,6,
3,,,
2,,2,12369
1,,3,
2,,5,
1,,,
1,,8,12385
1,,8,
1,,3,
33,,,
4,,8,12414
1,,3,
1,,9,
1,,,
1,,10,12445
1,,3,
1,,11,
1,,,
1,,2,12477
17,,3,
1,,8,
1,,,
1,,8,12495
3,,8,
1,,10,
97,,,
2,,7,12525
1,,8,
1,,6,
1,,,
1,,7,12551
3,,10,
83,,4,
68,,,
3,,9,12577
6,,8,
1,,17,
24,,,
27,,10,12619
2,,9,
3,,10,
1,,,
1,,7,12657
1,,3,
1,,2,
2,,,
18,,7,12674
1,,12,
4,,7,
49,,,
9,,6,12709
1,,9,
1,,13,
1,,,
1,,9,12746
3,,11,
11,,7,
1,,,
1,,10,12782
1,,8,
2,,11,
2,,,
1,,8,12819
1,,8,
1,,6,
3,,,
1,,6,12847
2,,9,
14,,6,
2,,,
10,,8,12880
9,,9,
1,,8,
1,,,
1,,7,12913
35,,9,
17,,10,
8,,,
1,,11,12950
3,,12,
5,,10,
1,,,
1,,6,12996
12,,10,
4,,7,
1,,,
2,,7,13027
1,,9,
1,,7,
1,,,
1,,9,13058
1,,7,
1,,9,
1,,,
22,,5,13092
12,,7,
1,,13,
5,,,
12,,9,13124
2,,3,
6,,4,
2,,,
2,,2,13141
6,,8,
6,,4,
1,,,
1,,8,13160
1,,8,
28,,4,
1,,,
1,,7,13186
2,,5,
2,,4,
3,,,
2,,7,13206
1,,5,
8,,4,
6,,,
1,,8,13228
1,,6,
2,,7,
2,,,
1,,8,13253
8,,4,
1,,6,
2,,,
3,,5,13278
3,,8,
38,,6,
3,,,
23,,3,13303
2,,7,
1,,8,
4,,,
1,,16,13326
6,,4,
2,,12,
22,,,
1,,13,13367
46,,3,
1,,4,
1,,,
5,,5,13394
1,,7,
1,,8,
2,,,
1,,9,13421
29,,4,
2,,6,
46,,,
5,,6,13443
1,,7,
1,,7,
12,,,
3,,9,13467
1,,7,
2,,5,
3,,,
1,,6,13493
1,,6,
5,,5,
1,,,
1,,9,13519
1,,7,
90,,8,
9,,,
2,,6,13552
2,,9,
1,,10,
2,,,
1,,6,13580
2,,8,
1,,3,
6,,,
8,,4,13600
1,,6,
9,,7,
26,,,
8,,7,13621
2,,5,
2,,4,
12,,,
2,,6,13644
4,,4,
5,,4,
2,,,
2,,6,13664
1,,8,
2,,8,
48,,,
3,,5,13689
3,,6,
9,,5,
1,,,
1,,12,13711
2,,7,
1,,4,
2,,,
3,,7,13740
2,,5,
1,,3,
2,,,
1,,7,13760
1,,6,
10,,7,
1,,,
1,,6,13788
3,,4,
10,,6,
1,,,
6,,7,13811
2,,5,
1,,4,
1,,,
1,,5,13833
1,,10,
12,,7,
1,,,
124,,4,13864
11,,7,
1,,5,
19,,,
1,,6,13884
1,,5,
2,,6,
5,,,
3,,7,13908
10,,6,
2,,8,
1,,,
1,,4,13937
1,,5,
1,,4,
1,,,
90,,5,13955
1,,7,
10,,4,
6,,,
6,,4,13974
1,,7,
9,,4,
3,,,
2,,5,13992
3,,4,
1,,2,
1,,,
1,,5,14008
2,,6,
1,,5,
8,,,
2,,10,14028
280,,6,
32,,8,
20,,,
12,,9,14061
2,,10,
95,,7,
1,,,
1,,6,14094
17,,7,
1,,9,
4,,,
1,,8,14124
1,,4,
1,,10,
2,,,
2,,6,14151
2,,7,
1,,8,
18,,,
1,,6,14177
1,,6,
1,,9,
11,,,
1,,7,14204
1,,7,
1,,5,
6,,,
2,,5,14229
2,,5,
1,,6,
1,,,
1,,3,14253
1,,6,
1,,6,
2,,,
1,,7,14274
7,,5,
2,,6,
4,,,
3,,9,14300
2,,7,
3,,4,
219,,,
61,,5,14324
1,,6,
1,,7,
1,,,
1,,8,14349
1,,9,
871,,3,
1,,,
2,,6,14374
1,,8,
4,,7,
1,,,
4,,6,14401
1,,10,
1,,7,
2,,,
1,,4,14430
13,,4,
1,,6,
1,,,
2,,7,14452
3,,5,
11,,7,
1,,,
1,,11,14481
1,,5,
7,,7,
1,,,
94,,5,14508
8,,4,
2,,7,
1,,,
1,,9,14533
1,,8,
1,,9,
1,,,
2,,9,14565
1,,12,
1,,10,
61,,,
1,,6,14600
2,,7,
6,,6,
1,,,
69,,5,14629
1,,7,
1,,10,
2,,,
1,,7,14658
4,,9,
7,,6,
12,,,
8,,6,14685
2,,8,
33,,7,
1,,,
3,,5,14713
1,,5,
214,,4,
6,,,
2,,5,14732
20,,8,
1,,5,
6,,,
2,,8,14756
1,,9,
32,,5,
6,,,
1,,6,14784
1,,11,
2,,3,
2,,,
1,,6,14810
38,,4,
3,,5,
18,,,
2,,5,14828
5,,3,
1,,9,
1,,,
2,,7,14850
1,,11,
2,,4,
4,,,
1,,3,14878
8,,1,
1,,7,
1,,,
1,,6,14892
1,,7,
3,,6,
1,,,
5,,6,14916
1,,7,
2,,6,
2,,,
1,,5,14939
2,,8,
1,,9,
2,,,
6,,7,14967
4,,8,
2,,8,
20,,,
1,,7,14996
1,,4,
11,,3,
1,,,
1,,7,15016
1,,10,
1,,8,
1,,,
26,,4,15048
1,,9,
1,,3,
1,,,
1,,5,15068
1,,3,
1,,7,
2,,,
2,,3,15093
2,,7,
4,,9,
1,,,
1,,11,15119
2,,8,
1,,10,
1,,,
1,,6,15157
2,,6,
1,,7,
6,,,
2,,7,15182
150,,3,
13,,4,
23,,,
1,,2,15203
4,,10,
2,,11,
1,,,
4,,5,15228
24,,4,
3,,5,
33,,,
8,,11,15248
2,,7,
4,,4,
3,,,
3,,5,15280
1,,7,
53,,4,
1,,,
11,,5,15304
15,,5,
10,,6,
21,,,
1,,6,15324
1,,6,
20,,5,
5,,,
1,,6,15346
1,,6,
1,,11,
1,,,
3,,4,15376
3,,5,
1,,9,
16,,,
1,,8,15400
8,,8,
2,,2,
3,,,
1,,4,15421
2,,5,
1,,6,
68,,,
2,,4,15438
1,,7,
3,,3,
1,,,
19,,4,15456
1,,11,
43,,5,
2,,,
12,,4,15480
7,,6,
14,,4,
4,,,
4,,3,15499
323,,4,
2,,7,
5,,,
3,,5,15521
4,,5,
1,,4,
2,,,
1,,8,15541
2,,4,
62,,3,
4,,,
5,,6,15561
1,,5,
13,,7,
1,,,
27,,2,15589
7,,4,
2,,8,
1,,,
1,,5,15609
1,,4,
4,,5,
1,,,
6,,5,15629
4,,6,
2,,6,
1,,,
5,,5,15650
1,,13,
1,,8,
1,,,
2,,11,15682
6,,7,
5,,7,
1,,,
3,,8,15717
8,,5,
1,,10,
2,,,
1,,6,15745
1,,8,
1,,7,
6,,,
1,,7,15771
5,,6,
1,,8,
19,,,
286,,5,15798
2,,8,
40,,5,
1,,,
1,,6,15826
2,,4,
3,,4,
12,,,
2,,5,15844
2,,7,
1,,7,
3,,,
1,,7,15871
1,,10,
1,,6,
2,,,
1,,7,15903
46,,7,
6,,5,
1,,,
4,,6,15929
2,,5,
2,,4,
2,,,
1,,5,15951
3,,4,
1,,7,
2,,,
1,,8,15976
7,,7,
9,,5,
1,,,
1,,6,16003
6,,6,
1,,6,
2,,,
3,,6,16026
2,,8,
12,,3,
2,,,
7,,5,16048
2,,4,
1,,3,
1,,,
1,,5,16068
1,,3,
3,,3,
4,,,
1,,1,16083
6,,8,
1,,8,
3,,,
6,,5,16108
2,,8,
225,,3,
1,,,
1,,5,16128
1,,3,
1,,4,
2,,,
35,,4,16144
1,,7,
2,,4,
2,,,
3,,3,16168
1,,9,
1,,10,
4,,,
18,,4,16196
1,,7,
1,,7,
1,,,
2,,6,16221
2,,8,
1,,6,
1,,,
8,,5,16249
4,,5,
1,,7,
1,,,
6,,6,16274
3,,8,
7,,7,
4,,,
2,,7,16302
38,,5,
61,,4,
1,,,
2,,6,16324
1,,7,
2,,6,
1,,,
2,,5,16351
1,,4,
1,,7,
1,,,
2,,4,16375
3,,5,
2,,7,
1,,,
209,,3,16401
3,,4,
1,,6,
11,,,
2,,5,16418
2,,6,
574,,4,
18,,,
33,,6,16438
3,,6,
1,,8,
1,,,
1,,3,16467
1,,2,
1,,3,
100,,,
2,,4,16477
1,,8,
2,,9,
1,,,
1,,6,16506
1,,9,
2,,5,
1,,,
24,,6,16533
1,,9,
15,,9,
2,,,
32,,7,16567
1,,6,
1,,7,
9,,,
1,,7,16592
1,,5,
9,,5,
1,,,
3,,6,16618
16,,4,
1,,6,
2,,,
1,,9,16641
2,,6,
1,,8,
1,,,
2,,7,16671
12,,5,
1,,3,
1,,,
2,,5,16690
1,,7,
4,,5,
1,,,
18,,4,16711
6,,6,
3,,7,
2,,,
1,,8,16735
11,,5,
2,,5,
1,,,
54,,3,16758
2,,4,
5,,6,
3,,,
59,,4,16776
1,,5,
3,,4,
6,,,
1,,8,16796
2,,8,
5,,3,
1,,,
2,,3,16817
2,,6,
4,,4,
2,,,
44,,4,16836
14,,6,
1,,6,
1,,,
1,,11,16859
38,,6,
1,,7,
1,,,
1,,6,16887
30,,3,
2,,7,
13,,,
1,,3,16907
1,,4,
38,,3,
1,,,
14,,3,16924
2,,4,
1,,7,
2,,,
5,,4,16943
1,,6,
1,,7,
6,,,
7,,4,16965
6,,5,
2,,7,
8,,,
36,,4,16989
1,,9,
2,,8,
1,,,
1,,9,17015
1,,8,
1,,8,
1,,,
7,,8,17046
1,,7,
40,,5,
2,,,
10,,6,17076
1,,6,
9,,4,
2,,,
4,,9,17097
5,,6,
1,,7,
1,,,
14,,8,17127
1,,8,
1,,11,
1,,,
2,,4,17160
1,,7,
82,,3,
1,,,
1,,7,17179
1,,8,
1,,6,
13,,,
7,,5,17204
8,,5,
2,,9,
1,,,
81,,3,17235
1,,5,
50,,7,
1,,,
26,,4,17252
1,,4,
26,,4,
1,,,
3,,5,17266
1,,3,
11,,4,
1,,,
2,,6,17284
1,,5,
2,,7,
1,,,
1,,18,17310
1,,7,
1,,7,
4,,,
1,,5,17348
1,,6,
3,,7,
2,,,
1,,4,17371
27,,7,
1,,8,
1,,,
1,,8,17397
1,,9,
1,,9,
1,,,
1,,9,17435
2590,,1,
1,,3,
2,,,
1,,3,17452
11,,3,
1,,11,
7,,,
9,,5,17473
1,,3,
16,,4,
2,,,
1,,5,17490
1,,3,
1,,2,
260,,,
1,,4,17502
1,,6,
1,,3,
3,,,
1,,6,17517
5,,7,
1,,8,
3,,,
1,,9,17542
16,,11,
1,,3,
1,,,
3,,8,17572
1,,9,
1,,7,
6,,,
2,,11,17605
1,,8,
6,,10,
7,,,
2,,10,17643
2,,10,
3,,7,
3,,,
3,,11,17678
1,,12,
1,,9,
895,,,
5,,3,17712
2,,6,
5,,7,
5,,,
1,,8,17736
5,,9,
1,,9,
4,,,
3,,9,17770
1,,12,
4,,10,
3,,,
1,,13,17811
3,,6,
1,,11,
1,,,
4,,5,17854
4,,5,
3,,6,
2,,,
1,,9,17878
1,,11,
7,,10,
4,,,
1,,7,17920
3,,10,
2,,9,
1,,,
1,,6,17952
1,,9,
1,,10,
1,,,
1,,8,17985
1,,9,
1,,4,
4,,,
4,,8,18017
1,,7,
2,,7,
1,,,
1,,9,18047
11,,10,
69,,11,
2,,,
2,,9,18084
3,,5,
3,,6,
1,,,
1,,8,18111
17,,6,
1,,7,
2,,,
1,,8,18143
1,,8,
33,,7,
3,,,
30,,7,18175
1,,10,
2,,12,
1,,,
1,,10,18213
1,,8,
4,,6,
8,,,
2,,9,18243
1,,11,
1,,6,
1,,,
2,,7,18277
2,,8,
4,,10,
4,,,
1,,8,18313
4,,13,
5,,8,
1,,,
1,,9,18350
1,,10,
35,,4,
2,,,
5,,9,18383
10,,10,
1,,11,
1,,,
1,,8,18422
1,,13,
1,,10,
1,,,
1,,11,18462
1,,7,
1,,7,
1,,,
6,,5,18491
6,,4,
1,,12,
1,,,
1,,10,18521
1142,,2,
1,,17,
2,,,
1,,3,18554
27,,3,
1,,7,
13,,,
1,,6,18572
11,,6,
1504,,2,
3,,,
5,,5,18593
5,,7,
1,,5,
30,,,
16,,5,18614
49,,3,
10,,6,
2,,,
2,,4,18629
1,,7,
1,,5,
1,,,
22,,8,18651
2,,9,
1,,8,
5,,,
1,,5,18679
1,,4,
1,,5,
2,,,
5,,5,18700
12,,8,
15,,3,
2,,,
19,,4,18722
3,,7,
2,,3,
6,,,
4,,5,18741
2,,5,
1,,6,
3,,,
2,,6,18762
1,,4,
3,,7,
3,,,
1,,2,18786
8,,3,
2,,3,
1,,,
1,,8,18798
1,,5,
5,,7,
2,,,
1,,5,18821
1,,7,
1,,3,
23,,,
1,,6,18841
2,,6,
2,,5,
1,,,
1,,5,18864
1,,4,
2,,5,
1,,,
1,,7,18882
2,,4,
1,,6,
5,,,
1,,6,18903
251,,4,
1,,7,
6,,,
1,,3,18921
1,,6,
41,,4,
1,,,
6,,7,18940
6,,5,
1,,5,
1,,,
2,,10,18964
1,,8,
1,,6,
3,,,
1,,7,18992
12,,7,
191,,6,
1,,,
8,,6,19019
4,,3,
1,,2,
5,,,
1,,7,19036
18,,4,
3,,6,
1,,,
2,,6,19059
4,,3,
1,,7,
2,,,
17,,4,19082
4,,7,
1,,6,
1,,,
1,,3,19105
32,,4,
1,,5,
1,,,
5,,5,19125
2,,4,
3,,8,
1,,,
1,,4,19146
6,,3,
9,,7,
1,,,
2,,7,19166
1,,7,
10,,4,
5,,,
1,,4,19189
1,,4,
85,,4,
1,,,
1,,9,19208
8,,5,
5,,8,
8,,,
6,,6,19234
2,,5,
4,,7,
3,,,
1,,4,19258
1,,2,
4,,1,
1,,,
2,,3,19267
15,,5,
2,,7,
1,,,
1,,8,19290
1,,8,
1,,4,
4,,,
4,,4,19315
1,,6,
2,,7,
1,,,
1,,9,19337
1,,7,
2,,6,
1,,,
4,,8,19363
6,,4,
1,,9,
2,,,
1,,8,19388
2,,9,
1,,4,
2,,,
1,,5,19416
31,,5,
19,,6,
1,,,
31,,4,19439
4,,6,
4,,7,
1,,,
4,,5,19465
3,,4,
1,,6,
8,,,
1,,6,19485
1,,6,
1,,5,
2,,,
1,,6,19507
2,,6,
1,,7,
2,,,
2,,8,19529
7,,3,
5,,5,
1,,,
1,,8,19552
9,,4,
1,,4,
7,,,
3,,3,19570
1,,10,
1,,7,
3,,,
1,,7,19594
1,,4,
2,,5,
9,,,
3,,8,19617
30,,5,
6,,5,
6,,,
1,,7,19641
1,,3,
1,,4,
13,,,
2,,3,19659
1,,5,
1,,4,
11,,,
1,,8,19676
1,,10,
2,,6,
1,,,
1,,5,19706
1,,4,
4,,6,
4,,,
7,,7,19727
64,,4,
1,,6,
3,,,
2,,6,19750
22,,3,
1,,6,
2,,,
5,,7,19772
7,,5,
4,,6,
1,,,
2,,5,19795
1,,2,
1,,6,
1,,,
1,,7,19817
1,,4,
1,,6,
1,,,
12,,8,19841
2,,3,
1,,5,
16,,,
1,,9,19861
1,,8,
2,,4,
1,,,
1,,7,19888
27,,5,
1,,7,
6,,,
1,,9,19914
415,,4,
26,,5,
2,,,
23,,5,19938
1,,6,
1,,5,
3,,,
1,,3,19960
9,,4,
4,,5,
4,,,
2,,8,19979
18,,4,
1,,5,
2,,,
4,,9,20001
2,,7,
1,,4,
1,,,
1,,5,20027
1,,4,
1,,3,
3,,,
2,,6,20043
10,,6,
3,,7,
1,,,
5,,6,20069
1,,7,
14,,4,
4,,,
1,,7,20092
2,,8,
1,,8,
2,,,
6,,9,20120
2,,6,
106,,6,
15,,,
5,,5,20145
1,,6,
2,,5,
6,,,
60,,2,20167
1,,5,
2,,2,
1,,,
8,,6,20180
2,,4,
1,,7,
60,,,
7,,7,20202
1,,8,
4,,4,
2,,,
2,,6,20225
3,,3,
1,,7,
42,,,
1,,6,20245
1,,6,
21,,6,
1,,,
1,,9,20270
26,,4,
15,,6,
58,,,
16,,5,20296
1,,8,
9,,5,
1,,,
1,,7,20323
2,,6,
2,,4,
9,,,
1,,5,20344
1,,6,
1,,4,
7,,,
44,,3,20363
1,,6,
9,,4,
1,,,
1,,5,20380
218,,4,
40,,5,
3,,,
7,,5,20400
4,,6,
52,,5,
2,,,
39,,3,20422
9,,5,
2,,7,
3,,,
1,,6,20443
1,,5,
4,,4,
2,,,
1,,5,20465
16,,5,
2,,7,
1,,,
1,,4,20487
1,,5,
2,,4,
1,,,
2,,5,20506
128,,1,
3,,3,
1,,,
1,,8,20523
2,,7,
1,,8,
1,,,
1,,3,20553
1,,10,
70,,4,
2,,,
1,,8,20577
3,,5,
1,,9,
1,,,
1,,6,20606
7,,4,
2,,6,
1,,,
1,,9,20630
7,,5,
1,,8,
104,,,
1,,7,20656
2,,5,
1,,6,
43,,,
22,,6,20679
1,,6,
4,,4,
1,,,
2,,5,20699
3,,4,
2,,6,
1,,,
6,,8,20721
2,,12,
1,,5,
1,,,
1,,5,20751
3,,3,
1,,6,
1,,,
1,,10,20772
1,,7,
1,,9,
3,,,
8,,5,20803
1,,6,
2,,6,
4,,,
4,,12,20832
2,,13,
1,,12,
2,,,
84,,4,20882
13,,5,
1,,5,
1,,,
1,,8,20902
7,,8,
1,,9,
1,,,
1,,8,20935
1,,4,
23,,6,
1,,,
1,,9,20961
1,,17,
2,,7,
1,,,
1,,6,20999
3,,7,
1,,7,
1,,,
2,,6,21023
1,,8,
2,,4,
1,,,
1,,4,21049
1,,6,
1,,4,
1,,,
1,,5,21069
5,,4,
1,,7,
2,,,
5,,6,21090
4,,4,
1,,4,
7,,,
1,,7,21110
2,,4,
1,,10,
37,,,
19,,5,21134
1,,2,
20,,6,
1,,,
1,,10,21154
1,,9,
1,,9,
185,,,
22,,4,21184
2,,5,
1,,5,
12,,,
4,,7,21202
7,,5,
2,,5,
1,,,
2,,7,21227
1,,8,
1,,8,
16,,,
1,,9,21254
1,,8,
7,,5,
2,,,
1,,7,21288
1,,10,
4,,9,
2,,,
9,,6,21322
2,,4,
1,,8,
1,,,
1,,4,21345
2,,4,
3,,6,
1,,,
10,,4,21364
10,,6,
5,,7,
1,,,
1,,7,21386
1,,10,
1,,8,
1,,,
5,,7,21417
6,,9,
1,,11,
3,,,
1,,9,21452
1,,7,
1,,6,
2,,,
2,,8,21478
16,,4,
1,,7,
3,,,
6,,3,21502
1,,5,
1,,8,
1,,,
3,,6,21526
1,,12,
1,,4,
2,,,
1,,6,21555
7,,2,
2,,2,
2,,,
2,,6,21573
1,,5,
1,,9,
5,,,
4,,9,21603
6,,3,
10,,6,
30,,,
10,,4,21626
4,,6,
3,,6,
1,,,
1,,5,21646
39,,4,
4,,5,
1,,,
4,,4,21665
1,,10,
3,,7,
2,,,
2,,3,21691
2,,6,
11,,4,
1,,,
1,,7,21714
1,,5,
9,,4,
1,,,
3,,4,21738
3,,7,
1,,5,
2,,,
11,,4,21758
1,,9,
11,,5,
2,,,
2,,5,21781
9,,6,
17,,7,
1,,,
2,,9,21802
2,,10,
1,,6,
8,,,
2,,6,21831
10,,7,
1,,8,
1,,,
1,,4,21860
2,,7,
1,,8,
54,,,
9,,5,21882
2,,5,
2,,5,
5,,,
2,,7,21903
3,,2,
2,,3,
1,,,
1,,7,21920
7,,8,
1,,10,
7,,,
1,,7,21950
5,,8,
4,,4,
1,,,
2,,9,21974
7,,3,
1,,6,
27,,,
1,,10,21997
1,,15,
1,,8,
25,,,
1,,7,22035
30,,6,
3,,4,
2,,,
1,,5,22057
187,,4,
1,,8,
21,,,
3,,8,22081
1,,8,
2,,7,
1,,,
64,,4,22107
11,,6,
13,,6,
1,,,
1,,6,22130
1,,5,
1,,5,
9,,,
1,,9,22154
2,,5,
1,,6,
38,,,
1,,9,22179
3,,8,
2,,4,
6,,,
1,,6,22205
2,,6,
1,,2,
16,,,
149,,4,22222
1,,5,
2,,6,
6,,,
8,,8,22240
1,,3,
3,,5,
2,,,
2,,8,22263
1,,8,
1,,8,
1,,,
1,,4,22296
2,,8,
5,,9,
4,,,
24,,4,22322
8,,7,
1,,6,
656,,,
1,,6,22341
23,,6,
7,,1,
1,,,
2,,6,22359
1,,4,
9,,4,
1,,,
1,,6,22378
2,,5,
1,,5,
4,,,
1,,3,22403
5,,6,
3,,4,
1,,,
7,,5,22424
2,,4,
3,,8,
1,,,
1,,6,22448
61,,7,
9,,9,
1,,,
5,,6,22478
1,,6,
1,,10,
1,,,
1,,11,22502
7,,4,
3,,6,
7,,,
1,,11,22529
1,,9,
12,,6,
48,,,
16,,6,22559
2,,8,
7,,5,
7,,,
1,,9,22586
1,,9,
3,,8,
3,,,
1,,11,22624
4,,7,
1,,7,
1,,,
1,,11,22656
1,,7,
1,,6,
62,,,
1,,9,22685
46,,3,
1,,5,
1,,,
2,,6,22708
23,,4,
1,,6,
1,,,
1,,8,22730
60,,4,
10,,6,
1,,,
1,,5,22753
8,,5,
1,,6,
2,,,
1,,5,22776
166,,2,
1,,6,
2,,,
1,,5,22793
1,,8,
1,,6,
22,,,
13,,4,22815
1,,6,
4,,7,
6,,,
1,,4,22835
14,,6,
8,,8,
1,,,
1,,12,22858
1,,6,
1,,3,
4,,,
1,,9,22883
480,,3,
1,,5,
11,,,
8,,5,22904
1,,10,
1,,6,
33,,,
5,,6,22932
2,,10,
2,,10,
9,,,
1,,8,22965
2,,8,
1,,7,
118,,,
1,,7,22991
1,,6,
1,,4,
9,,,
1,,7,23014
6,,8,
6,,4,
6,,,
1,,6,23036
2,,9,
8,,9,
3,,,
1,,12,23071
1,,10,
1,,5,
5,,,
2,,2,23102
1,,3,
1,,3,
7,,,
2,,3,23111
1,,5,
1,,3,
37,,,
1,,8,23129
20,,4,
1,,9,
1,,,
1,,11,23159
1,,8,
1,,6,
1,,,
3,,7,23192
3,,9,
2,,8,
3,,,
2,,12,23226
2,,9,
1,,10,
1,,,
1,,6,23263
1,,3,
2,,7,
6,,,
1,,4,23282
2,,4,
1,,8,
1,,,
1,,7,23305
1335,,2,
51,,3,
4,,,
6,,7,23322
3,,8,
1,,9,
7,,,
1,,6,23352
12,,5,
14,,2,
1,,,
43,,3,23369
2,,8,
1,,6,
5,,,
9,,4,23390
24,,2,
7,,4,
48,,,
7,,5,23403
3,,6,
2,,4,
3,,,
1,,9,23421
5,,5,
2,,6,
1,,,
3,,5,23446
1,,6,
2,,3,
416,,,
37,,4,23462
271,,3,
1,,10,
34,,,
18,,5,23483
1,,6,
24,,6,
139,,,
1,,3,23504
1,,4,
2,,5,
1,,,
1,,10,23522
1,,7,
32,,4,
20,,,
1,,6,23549
6,,7,
1,,5,
8,,,
3,,11,23574
3,,7,
3,,8,
2,,,
1,,7,23605
14,,6,
4,,7,
301,,,
1,,4,23627
6,,6,
1,,7,
77,,,
51,,7,23649
1,,7,
26,,8,
3,,,
2,,8,23677
1,,6,
1,,6,
5,,,
3,,4,23706
95,,7,
1,,12,
1,,,
1,,8,23737
9,,8,
3,,10,
1,,,
191,,5,23765
23,,6,
9,,9,
1,,,
1,,3,23789
31,,5,
8,,6,
105,,,
1,,9,23806
174,,3,
1,,7,
1,,,
1,,7,23832
1,,10,
1,,6,
1,,,
11,,7,23859
2,,11,
1,,8,
2,,,
65,,4,23889
6,,7,
1,,8,
5,,,
2,,8,23918
1,,7,
2,,10,
1,,,
1,,10,23954
1,,14,
1,,8,
2,,,
9,,6,23996
2,,9,
1,,11,
3,,,
1,,11,24031
7,,12,
1,,14,
2,,,
1,,10,24078
1,,8,
1,,10,
2,,,
1,,12,24114
4,,10,
1,,9,
6,,,
1,,10,24157
29,,3,
1,,5,
6,,,
1,,6,24180
1,,9,
2,,8,
1,,,
19,,2,24210
4,,1,
1,,2,
2,,,
55,,4,24219
29,,7,
14,,8,
3,,,
39,,9,24246
10,,6,
1,,6,
6,,,
7,,7,24273
5,,7,
10,,5,
4,,,
15,,4,24296
7,,4,
1,,7,
1,,,
1,,5,24320
1,,5,
1,,4,
1,,,
7,,7,24340
4,,9,
4,,6,
2,,,
1,,7,24366
1,,4,
3,,3,
5,,,
1,,5,24386
7,,7,
7,,8,
1,,,
3,,6,24411
7,,5,
1,,10,
2,,,
4,,7,24437
3,,3,
5,,10,
1,,,
1,,8,24464
4,,7,
12,,4,
2,,,
8,,10,24492
8,,12,
1,,7,
1,,,
1,,5,24527
12,,5,
3,,4,
1,,,
1,,7,24547
16,,4,
8,,5,
6,,,
1,,11,24568
1,,6,
1,,8,
4,,,
3,,4,24599
2,,4,
1,,8,
1,,,
2,,7,24625
1,,7,
1,,6,
2,,,
1,,4,24653
10,,3,
6,,6,
1,,,
1,,5,24669
12,,6,
13,,7,
1,,,
2,,6,24692
4,,4,
1,,7,
1,,,
1,,5,24716
2,,6,
1,,4,
3,,,
2,,4,24737
2,,5,
1,,6,
1,,,
1,,5,24764
1,,5,
42,,6,
1,,,
22,,6,24785
1,,8,
4,,10,
1,,,
42,,3,24816
2,,7,
5,,10,
55,,,
1,,10,24843
14,,9,
1,,7,
1,,,
1,,11,24876
1,,8,
11,,7,
3,,,
1,,7,24908
1,,9,
1,,10,
2,,,
13,,6,24944
7,,8,
9,,10,
1,,,
1,,6,24980
1,,4,
1,,7,
1,,,
2,,10,25007
8,,3,
4,,5,
1,,,
1,,8,25029
1,,4,
1,,8,
1,,,
1,,10,25051
1,,9,
1,,11,
3,,,
2,,7,25086
9,,4,
8,,6,
1,,,
1,,6,25110
6,,7,
1,,5,
8,,,
1,,6,25133
1,,4,
4,,7,
1,,,
6,,8,25158
3,,3,
4,,5,
31,,,
1,,4,25180
1,,4,
1,,4,
1,,,
1,,7,25201
1,,3,
2,,5,
1,,,
1,,7,25223
13,,9,
1,,10,
1,,,
3,,5,25255
1,,4,
3,,7,
1,,,
1,,3,25280
15,,5,
3,,6,
1,,,
1,,5,25300
27,,5,
10,,4,
1,,,
1,,7,25320
1,,5,
1,,8,
32,,,
3,,5,25347
3,,8,
3,,4,
1,,,
8,,8,25374
4,,10,
10,,6,
18,,,
1,,7,25405
6,,8,
4,,8,
1,,,
2,,9,25434
9,,6,
11,,6,
6,,,
1,,4,25462
1,,5,
1,,6,
27,,,
1,,7,25481
2,,6,
25,,5,
1,,,
5,,4,25502
1,,6,
1,,6,
7,,,
1,,7,25523
1,,6,
1,,6,
1,,,
1,,6,25548
2,,6,
1,,6,
1,,,
1,,10,25571
4,,11,
1,,10,
2,,,
2,,4,25608
4,,4,
1,,5,
1,,,
10,,3,25627
2,,8,
3,,7,
1,,,
1,,6,25651
1,,7,
2,,4,
2,,,
3,,7,25677
1,,10,
1,,5,
1,,,
1,,8,25706
5,,4,
2,,11,
6,,,
5,,8,25736
1,,4,
2,,8,
1,,,
5,,8,25766
3,,8,
4,,4,
1,,,
1,,7,25792
6,,3,
8,,9,
122,,,
3,,7,25817
27,,8,
1,,8,
4,,,
1,,6,25847
1,,8,
1,,5,
2,,,
8,,5,25873
11,,6,
8,,4,
2,,,
31,,6,25895
5,,8,
3,,7,
4,,,
2,,8,25921
5,,8,
2,,9,
1,,,
2,,8,25957
1,,9,
3,,3,
1,,,
18,,6,25984
1,,10,
1,,7,
3,,,
1,,11,26017
4,,7,
6,,7,
3,,,
9,,7,26053
1,,8,
1,,8,
3,,,
1,,8,26085
2,,9,
3,,12,
2,,,
5,,7,26122
1,,9,
1,,12,
3,,,
2,,8,26163
1,,9,
1,,5,
2,,,
1,,8,26192
1,,6,
1,,10,
42,,,
2,,7,26222
1,,8,
2,,9,
2,,,
1,,10,26253
2,,8,
4,,8,
3,,,
137,,5,26289
4,,6,
11,,6,
4,,,
1,,5,26312
1,,5,
3,,7,
11,,,
2,,8,26334
2,,7,
2,,5,
1,,,
1,,7,26360
30,,8,
1,,10,
31,,,
19,,8,26392
7,,7,
4,,9,
3,,,
1,,10,26425
2,,9,
1,,7,
3,,,
4,,8,26458
1,,8,
238,,7,
6,,,
49,,8,26491
1,,12,
1,,7,
2,,,
1,,7,26524
1,,10,
1,,8,
1,,,
2,,7,26559
1,,5,
1,,9,
1,,,
2,,8,26588
1,,10,
1,,5,
1,,,
1,,8,26620
2,,10,
1,,8,
2,,,
1,,11,26656
3,,4,
3,,7,
21,,,
3,,8,26685
5,,5,
1,,5,
2,,,
1,,8,26710
4,,8,
1,,9,
1,,,
2,,6,26740
2,,6,
1,,9,
1,,,
1,,5,26768
3,,4,
1,,7,
1,,,
1,,7,26789
3,,5,
1,,8,
2,,,
1,,3,26816
3,,7,
4,,5,
1,,,
31,,8,26840
39,,9,
2,,9,
1,,,
11,,10,26875
1,,8,
10,,4,
5,,,
3,,6,26902
1,,6,
1,,9,
2,,,
4,,8,26930
4,,5,
47,,3,
2,,,
7,,7,26950
1,,9,
2,,6,
1,,,
1,,9,26979
78,,7,
1,,6,
2,,,
6,,8,27011
1,,7,
1,,11,
1,,,
17,,5,27046
1,,7,
10,,7,
2,,,
31,,5,27069
4,,1,
1,,6,
1,,,
2,,4,27087
1,,5,
1,,9,
1,,,
2,,4,27110
2,,9,
1,,5,
1,,,
1,,6,27134
3,,7,
1,,7,
7,,,
1,,6,27159
2,,3,
1,,5,
2,,,
1,,8,27181
9,,6,
1,,6,
5,,,
1,,6,27206
1,,7,
3,,4,
3,,,
3,,9,27229
2,,3,
4,,4,
1,,,
17,,6,27250
4,,6,
2,,5,
1,,,
3,,4,27273
1,,6,
21,,3,
1,,,
90,,2,27289
1,,5,
1,,7,
1,,,
1,,8,27308
3,,9,
2,,6,
18,,,
3,,7,27335
6,,7,
9,,5,
37,,,
6,,7,27358
7,,8,
1,,9,
1,,,
162,,6,27390
16,,6,
7,,10,
1,,,
2,,7,27422
1,,8,
1,,10,
1,,,
1,,9,27453
2,,9,
1,,11,
1,,,
2,,7,27492
7,,7,
26,,8,
2,,,
8,,6,27523
21,,8,
1,,9,
16,,,
7,,7,27552
1,,9,
1,,10,
1,,,
1,,11,27586
75,,9,
1,,14,
17,,,
3,,6,27631
1,,7,
1,,9,
2,,,
1,,8,27660
2,,8,
25,,3,
2,,,
1,,10,27686
1,,7,
2,,6,
6,,,
1,,7,27716
1,,8,
1,,9,
1,,,
1,,5,27747
1,,6,
1,,5,
1,,,
2,,7,27772
1,,6,
2,,9,
5,,,
1,,12,27804
1,,13,
1,,12,
1,,,
1,,12,27854
4,,6,
1,,6,
3,,,
1,,6,27885
1,,9,
2,,10,
1,,,
1,,8,27918
2,,6,
50,,7,
5,,,
1,,6,27948
1,,5,
1,,10,
3,,,
1,,10,27976
1,,9,
1,,10,
2,,,
1,,11,28013
2,,6,
2,,8,
1,,,
3,,7,28047
1,,7,
2,,6,
6,,,
3,,10,28075
3,,6,
1,,8,
5,,,
1,,11,28106
1,,8,
1,,9,
3,,,
3,,7,28140
1,,5,
1,,9,
3,,,
1,,10,28168
1,,6,
4,,7,
1,,,
1,,8,28202
3,,11,
1,,9,
1,,,
1,,5,28239
2,,6,
1,,10,
5,,,
1,,7,28268
1,,9,
1,,14,
1,,,
1,,7,28308
1,,9,
2,,7,
2,,,
2,,8,28339
2,,9,
1,,7,
1,,,
4,,10,28370
3,,8,
1,,10,
1,,,
1,,8,28409
1,,7,
1,,9,
2,,,
2,,8,28439
1,,8,
1,,9,
1,,,
1,,12,28475
1,,14,
1,,11,
13,,,
9,,10,28516
4,,11,
1,,7,
1,,,
1,,10,28556
4,,6,
13,,7,
1,,,
2,,6,28585
1,,8,
1,,7,
1,,,
2,,9,28614
1,,10,
6,,6,
4,,,
3,,8,28649
1,,7,
1,,5,
22,,,
2,,7,28675
2,,8,
8,,8,
7,,,
4,,9,28707
24,,7,
1,,7,
1,,,
1,,10,28736
43,,4,
21,,4,
1,,,
2,,6,28761
3,,3,
3,,4,
5,,,
2,,6,28779
1,,6,
3,,10,
4,,,
5,,8,28813
61,,5,
2,,7,
1,,,
3,,5,28840
1,,5,
1,,3,
3,,,
2,,6,28856
1,,6,
1,,4,
1,,,
1,,5,28877
1,,4,
1,,5,
1,,,
2,,4,28897
1,,7,
5,,5,
7,,,
4,,7,28920
1,,7,
1,,10,
2,,,
1,,4,28950
1,,6,
1,,5,
3,,,
2,,6,28971
1,,4,
1,,4,
2,,,
2,,5,28991
4,,4,
3,,7,
9,,,
1,,8,29011
5,,4,
2,,8,
1,,,
2,,4,29036
2,,4,
1,,3,
1,,,
3,,5,29053
1,,5,
4,,7,
1,,,
2,,5,29078
1,,6,
1,,7,
1,,,
1,,3,29099
4,,5,
1,,3,
1,,,
3,,6,29116
1,,4,
1,,7,
1,,,
1,,6,29140
5,,4,
1,,6,
1,,,
15,,3,29161
4,,7,
8,,7,
7,,,
2,,4,29183
3,,5,
1,,4,
2,,,
3,,6,29203
2,,7,
1,,3,
485,,,
1,,7,29220
1,,6,
2,,7,
1,,,
2,,3,29244
1,,5,
2,,6,
4,,,
1,,5,29262
1,,6,
1,,7,
5,,,
25,,4,29289
1,,4,
8,,5,
3,,,
15,,4,29308
5,,5,
2,,5,
4,,,
1,,6,29328
21,,5,
5,,6,
119,,,
11,,6,29349
1,,7,
1,,8,
2,,,
1,,8,29379
1,,9,
40,,5,
1,,,
1,,3,29409
1,,8,
54,,4,
1,,,
4,,6,29431
2,,7,
1,,8,
2,,,
2,,8,29459
1,,6,
3,,3,
10,,,
3,,10,29484
1,,7,
1,,4,
2,,,
1,,4,29510
2,,7,
1,,7,
10,,,
2,,10,29537
3,,3,
7,,9,
4,,,
11,,10,29566
1,,10,
3,,9,
56,,,
9,,6,29600
1,,5,
2,,7,
2,,,
35,,4,29623
3,,5,
1,,5,
2,,,
2,,5,29644
1,,6,
4,,6,
12,,,
52,,3,29664
5,,6,
17,,4,
1,,,
3,,5,29679
1,,5,
1,,8,
5,,,
1,,9,29702
1,,8,
10,,6,
1,,,
1,,7,29734
10,,8,
1,,5,
1,,,
1,,5,29759
1,,8,
1,,8,
1,,,
1,,9,29785
1,,6,
1,,7,
1,,,
2,,10,29816
2,,9,
2,,7,
2,,,
1,,11,29851
1,,11,
32,,3,
8,,,
1,,5,29882
2,,6,
2,,8,
5,,,
5,,6,29910
1,,10,
7,,8,
9,,,
1,,10,29943
2,,7,
15,,6,
5,,,
3,,6,29973
1,,7,
2,,8,
1,,,
1,,7,30002
38,,3,
3,,4,
4,,,
3,,6,30021
21,,4,
1,,5,
6,,,
1,,9,30042
27,,5,
15,,4,
1,,,
1,,6,30064
1,,5,
13,,6,
1,,,
2,,4,30089
10,,4,
14,,6,
1,,,
9,,7,30110
1,,5,
1,,7,
1,,,
5,,4,30138
5,,4,
4,,7,
4,,,
2,,9,30159
1,,10,
1,,6,
1,,,
7,,9,30192
1,,13,
1,,8,
6,,,
1,,8,30226
2,,9,
2,,10,
2,,,
1,,8,30257
7,,9,
7,,5,
7,,,
1,,8,30285
2,,6,
16,,7,
15,,,
6,,8,30313
3,,6,
11,,3,
1,,,
1,,8,30337
1,,6,
1,,7,
2,,,
1,,9,30363
28,,7,
3,,6,
1,,,
1,,6,30391
1,,2,
1,,5,
1,,,
1,,6,30410
1,,7,
2,,5,
1,,,
4,,5,30435
8,,5,
3,,6,
15,,,
5,,6,30456
1,,8,
4,,7,
2,,,
1,,9,30482
1,,9,
1,,6,
77,,,
1,,7,30509
1,,4,
1,,6,
5,,,
1,,5,30531
1,,6,
1,,7,
1,,,
1,,8,30557
1,,5,
11,,4,
9,,,
1,,9,30582
18,,7,
51,,8,
2,,,
2,,7,30611
9,,4,
3,,8,
9,,,
3,,10,30635
1,,10,
1,,7,
1,,,
16,,4,30671
11,,5,
36,,6,
4,,,
1,,6,30690
2,,7,
4,,5,
2,,,
2,,8,30713
1,,6,
1,,7,
1,,,
1,,4,30743
4,,4,
1,,9,
1,,,
29,,4,30771
1,,5,
3,,5,
1,,,
1,,4,30791
1,,5,
1,,4,
1,,,
3,,6,30813
2,,11,
3,,13,
2,,,
12,,7,30848
1,,12,
2,,9,
8,,,
9,,6,30882
75,,5,
1,,9,
1,,,
1,,7,30910
15,,6,
6,,7,
2,,,
1,,9,30935
1,,3,
1,,7,
1,,,
2,,3,30959
1,,6,
3,,7,
2,,,
2,,4,30978
2,,4,
6,,7,
3,,,
12,,3,31002
63,,4,
13,,5,
1,,,
1,,9,31019
1,,6,
6,,4,
1,,,
3,,6,31046
1,,5,
4,,4,
1,,,
6,,5,31067
1,,6,
2,,6,
4,,,
5,,6,31089
1,,6,
1,,7,
4,,,
17,,8,31114
2,,4,
1,,5,
2,,,
2,,4,31138
2,,6,
1,,4,
1,,,
4,,4,31157
1,,6,
7,,6,
1,,,
1,,8,31176
1,,5,
59,,5,
24,,,
3,,6,31201
1,,7,
20,,5,
3,,,
6,,6,31226
1,,6,
2,,6,
7,,,
2,,6,31249
1,,9,
3,,5,
20,,,
3,,8,31275
2,,8,
1,,9,
2,,,
1,,6,31310
46,,5,
9,,8,
16,,,
1,,6,31335
2,,4,
2,,4,
401,,,
3,,4,31351
5,,6,
19,,4,
13,,,
1,,5,31371
20,,4,
1,,6,
3,,,
1,,8,31392
1,,8,
2,,5,
1,,,
7,,4,31418
1,,8,
5,,5,
1,,,
1,,6,31446
10,,7,
2,,8,
1,,,
1,,6,31472
167,,4,
2,,7,
14,,,
51,,9,31496
1,,8,
20,,9,
15,,,
6,,9,31530
1,,7,
39,,3,
1,,,
14,,4,31555
1,,6,
1,,4,
2,,,
1,,6,31574
2,,8,
1,,14,
1,,,
1,,4,31609
5,,5,
12,,4,
1,,,
2,,5,31629
2,,8,
1,,5,
1,,,
3,,6,31654
9,,4,
4,,5,
1,,,
25,,4,31674
4,,6,
1,,9,
1,,,
1,,7,31699
1,,5,
6,,5,
1,,,
1,,12,31724
21,,3,
1,,7,
1,,,
2,,5,31754
1,,6,
1,,10,
2,,,
2,,4,31784
2,,4,
6,,7,
1,,,
1,,7,31807
1,,5,
1,,9,
1,,,
1,,9,31833
7,,7,
1,,10,
1,,,
3,,9,31868
1,,7,
4,,8,
5,,,
1,,9,31904
1,,9,
1,,7,
2,,,
1,,17,31940
1,,8,
1,,11,
1,,,
1,,9,31981
1,,6,
3,,5,
1,,,
19,,5,32006
3,,6,
15,,6,
1,,,
1,,7,32029
2,,9,
90,,5,
2,,,
4,,7,32059
1,,5,
2,,7,
1,,,
1,,6,32082
1,,9,
2,,7,
1,,,
3,,5,32112
1,,7,
1,,5,
1,,,
1,,7,32137
2,,6,
3,,9,
1,,,
1,,7,32165
3,,5,
1,,8,
1,,,
1,,6,32193
4,,6,
3,,4,
4,,,
1,,6,32214
6,,6,
1,,9,
5,,,
2,,10,32241
1,,8,
1,,9,
1,,,
1,,6,32278
1,,9,
1,,6,
1,,,
1,,6,32304
3,,7,
1,,7,
1,,,
3,,7,32331
1,,6,
1,,8,
1,,,
1,,6,32362
1,,5,
3,,5,
4,,,
1,,6,32383
1,,9,
2,,6,
15,,,
1,,5,32409
1,,5,
1,,10,
5,,,
1,,10,32437
2,,6,
1,,6,
4,,,
11,,4,32465
1,,6,
2,,8,
7,,,
3,,6,32492
1,,8,
22,,5,
8,,,
28,,7,32516
1,,8,
3,,8,
5,,,
2,,10,32545
1,,8,
3,,5,
9,,,
2,,6,32573
8,,6,
5,,9,
1,,,
1,,9,32601
15,,4,
2,,6,
1,,,
6,,5,32627
2,,6,
1,,5,
1,,,
4,,5,32649
1,,5,
1,,7,
10,,,
4,,5,32671
2,,5,
2,,7,
2,,,
1,,5,32696
5,,4,
1,,6,
2,,,
1,,5,32715
17,,5,
1,,7,
10,,,
9,,6,32738
75,,5,
1,,10,
1,,,
3,,4,32764
1,,7,
1,,8,
18,,,
1,,7,32788
4,,8,
2,,5,
6,,,
1,,5,32815
1,,7,
17,,4,
10,,,
2,,8,32838
2,,5,
2,,7,
77,,,
1,,11,32863
1,,10,
3,,6,
42,,,
3,,5,32896
1,,5,
1,,8,
5,,,
1,,6,32922
1,,8,
2,,7,
1,,,
25,,10,32955
1,,6,
1,,6,
1,,,
1,,8,32985
1,,6,
1,,7,
1,,,
1,,8,33014
2,,6,
1,,7,
2,,,
2,,7,33041
1,,7,
1,,6,
1,,,
39,,6,33067
6,,8,
2,,9,
1,,,
9,,5,33098
1,,8,
1,,5,
49,,,
2,,7,33121
1,,7,
1,,8,
2,,,
3,,8,33151
1,,6,
1,,8,
3,,,
16,,5,33179
1,,6,
2,,9,
5,,,
1,,7,33205
2,,10,
1,,7,
1,,,
14,,9,33237
2,,10,
1,,11,
6,,,
1,,10,33279
1,,9,
3,,11,
10,,,
1,,11,33319
3,,12,
12,,6,
1,,,
1,,6,33354
1,,9,
2,,7,
22,,,
2,,4,33380
1,,6,
1,,8,
1,,,
1,,7,33405
3,,9,
2,,5,
1,,,
3,,6,33432
1,,8,
1,,7,
2,,,
1,,12,33463
137,,5,
2,,9,
1,,,
6,,6,33498
3,,6,
7,,7,
1,,,
2,,10,33526
1,,8,
1,,4,
1,,,
1,,6,33556
1,,7,
1,,9,
3,,,
10,,6,33585
1,,7,
2,,8,
1,,,
6,,9,33612
21,,5,
6,,6,
1,,,
1,,9,33640
1,,10,
1,,8,
10,,,
2,,12,33678
1,,8,
2,,10,
2,,,
1,,9,33716
3,,6,
1,,7,
1,,,
6,,8,33745
1,,11,
1,,11,
1,,,
3,,7,33782
1,,7,
1,,8,
55,,,
2,,6,33808
2,,7,
1,,7,
1,,,
1,,9,33837
8,,8,
13,,9,
1,,,
1,,8,33870
2,,5,
3,,7,
1,,,
1,,7,33900
2,,7,
1,,10,
1,,,
1,,5,33929
92,,5,
1,,7,
1,,,
9,,9,33955
5,,10,
2,,10,
2,,,
3,,7,33992
1,,8,
4,,8,
1,,,
20,,9,34024
3,,6,
1,,5,
1,,,
2,,7,34050
1,,5,
4,,6,
6,,,
1,,9,34076
1,,11,
4,,8,
1,,,
1,,10,34113
24,,5,
1,,6,
1,,,
3,,6,34140
465,,1,
1,,3,
1,,,
3,,7,34153
3,,5,
2,,6,
5,,,
1,,6,34181
2,,7,
1,,5,
1,,,
1,,6,34203
1,,4,
1,,4,
1,,,
9,,5,34220
1,,3,
1,,6,
48,,,
5,,5,34238
19,,5,
9,,6,
1,,,
1,,6,34258
3,,7,
2,,4,
1,,,
1,,4,34278
1,,9,
22,,5,
2,,,
1,,4,34299
1,,7,
4,,6,
1,,,
9,,4,34324
2,,6,
1,,8,
8,,,
1,,11,34347
7,,7,
1,,13,
289,,,
1,,9,34383
47,,6,
1,,9,
5,,,
2,,11,34416
57,,6,
4,,7,
3,,,
35,,7,34448
61,,5,
1,,4,
1,,,
1,,7,34471
1,,5,
1,,3,
1,,,
191,,3,34489
2,,6,
4,,7,
1,,,
1,,7,34512
3,,4,
1,,6,
1,,,
1,,7,34533
1,,5,
24,,4,
1,,,
3,,8,34554
1,,9,
1,,7,
1,,,
1,,7,34581
9,,5,
1,,8,
18,,,
3,,7,34605
2,,4,
1,,11,
5,,,
5,,3,34638
4,,4,
1,,8,
5,,,
1,,5,34659
1,,8,
5,,7,
1,,,
7,,5,34683
14,,8,
2,,8,
1,,,
7,,8,34711
3,,4,
3,,6,
1,,,
2,,5,34736
45,,7,
1,,8,
2,,,
30,,4,34764
2,,8,
200,,4,
23,,,
1,,8,34785
1,,10,
26,,6,
1,,,
654,,4,34814
2,,5,
1,,6,
3161,,,
2,,4,34832
116,,5,
1,,5,
408,,,
2,,5,34850
3,,6,
11,,10,
81,,,
144,,5,34875
1,,9,
1,,5,
581,,,
1,,8,34899
619,,4,
1,,6,
1,,,
1,,7,34922
29,,5,
2,,7,
1,,,
1,,10,34950
10,,7,
1,,7,
2,,,
1,,5,34983
1,,7,
10,,4,
45,,,
32,,6,35004
74,,5,
4,,8,
2,,,
1,,6,35029
3,,7,
3,,5,
1,,,
978,,4,35053
1,,3,
1,,4,
1,,,
48,,5,35074
44,,6,
37,,7,
1,,,
24,,5,35100
2,,5,
1,,8,
1,,,
2,,6,35124
31,,7,
8,,10,
10,,,
1,,8,35152
2,,6,
1,,6,
3,,,
1,,7,35176
1,,3,
1,,6,
2,,,
1,,5,35195
2,,5,
1,,8,
2,,,
4,,4,35220
2,,6,
1,,3,
147,,,
5,,6,35237
19,,5,
1,,7,
10,,,
1,,6,35258
5,,4,
16,,4,
2,,,
15,,5,35276
4,,5,
1,,2,
1,,,
1522,,2,35291
2,,5,
6,,5,
4,,,
1,,7,35310
3,,4,
20,,8,
1,,,
12,,4,35335
1,,10,
1,,9,
1,,,
7,,6,35366
8,,8,
1,,7,
1,,,
3,,3,35395
1,,5,
5,,6,
1,,,
3,,4,35416
177,,3,
22,,4,
1,,,
4,,5,35431
3,,7,
27,,3,
1,,,
1,,6,35452
2,,7,
1,,4,
1,,,
3,,4,35475
14,,8,
1,,6,
1,,,
1,,6,35497
1,,8,
6,,5,
10,,,
1,,4,35523
9,,5,
2,,5,
1,,,
1,,6,35544
7,,4,
2,,5,
2,,,
3,,5,35562
2,,5,
1,,9,
2,,,
1,,7,35587
4,,11,
1,,5,
1,,,
1,,8,35617
2,,8,
20,,5,
1,,,
1,,7,35646
2,,11,
1,,9,
1,,,
2,,5,35684
4,,6,
2,,9,
2,,,
4,,5,35708
1,,9,
23,,5,
1,,,
8,,6,35735
1,,4,
2,,5,
1,,,
1,,6,35760
1,,3,
1,,5,
1,,,
5,,5,35781
2,,7,
108,,5,
1,,,
4,,4,35806
1,,8,
4,,5,
1,,,
4,,7,35831
2,,5,
9,,4,
1,,,
6,,5,35853
3,,5,
1,,5,
117,,,
1,,5,35871
23,,6,
2,,3,
2,,,
2,,4,35888
1,,7,
2,,5,
9,,,
1,,5,35908
2,,9,
1,,5,
10,,,
5,,4,35933
5,,6,
1,,9,
2,,,
1,,6,35957
1,,6,
1,,7,
2,,,
1,,5,35978
1,,7,
3,,6,
3,,,
6,,5,36002
5,,4,
2,,8,
3,,,
5,,5,36024
2,,6,
1,,8,
11,,,
61,,3,36052
1,,2,
14,,4,
6,,,
6,,7,36066
4,,9,
4,,1,
1,,,
2,,2,36087
1,,6,
3,,8,
1,,,
1,,2,36113
1,,3,
1,,4,
1,,,
2,,2,36127
4,,6,
1,,12,
1,,,
1,,12,36158
1,,7,
1,,7,
3,,,
1,,9,36196
1,,14,
1,,8,
13,,,
4,,10,36232
1,,10,
2,,9,
1,,,
1,,12,36274
1,,11,
2,,8,
1,,,
1,,12,36311
1,,10,
1,,10,
1,,,
22,,13,36355
1,,11,
1,,6,
2,,,
1,,9,36392
1,,7,
1,,10,
18,,,
1,,8,36424
3,,4,
7,,6,
12,,,
7,,6,36448
5,,12,
3,,9,
1,,,
4,,8,36486
1,,11,
2,,10,
1,,,
1,,12,36525
10,,8,
1,,8,
1,,,
2,,12,36560
20,,5,
1,,4,
1,,,
2,,6,36587
140,,2,
1,,3,
1,,,
4,,6,36606
2,,8,
2,,8,
1,,,
1,,9,36634
7,,4,
2,,3,
1,,,
2,,5,36658
1,,4,
1,,3,
2,,,
38,,2,36677
6,,3,
1,,5,
143,,,
105,,4,36690
2,,6,
1,,4,
6,,,
35,,5,36708
7,,5,
30,,7,
1,,,
1,,2,36733
1,,4,
2,,3,
1,,,
5,,1,36745
1,,2,
3,,8,
1,,,
4,,6,36761
1,,8,
1,,9,
13,,,
2,,6,36789
13,,7,
1,,9,
13,,,
30,,7,36820
5,,7,
2,,4,
1,,,
1,,6,36842
157,,2,
1,,3,
3,,,
1,,5,36858
1,,5,
19,,9,
6,,,
5,,10,36887
12,,7,
1,,7,
1,,,
2,,7,36915
5,,6,
1,,7,
1,,,
4,,7,36944
9,,6,
3,,7,
2,,,
20,,7,36973
1,,8,
1,,6,
1,,,
268,,4,37000
1,,8,
11,,3,
1,,,
2,,3,37027
1,,6,
1,,7,
1,,,
1,,7,37048
4,,8,
1,,5,
2,,,
1,,4,37072
1,,7,
1,,7,
68,,,
3,,8,37097
1,,7,
1,,6,
4,,,
1,,9,37127
3,,5,
1,,7,
4,,,
1,,8,37156
1,,6,
1,,8,
19,,,
1,,8,37185
1,,4,
1,,5,
1,,,
2,,6,37210
1,,6,
1,,2,
8,,,
1,,6,37225
3,,6,
4,,7,
1,,,
1,,9,37247
5,,4,
1,,6,
1,,,
2,,4,37273
1,,3,
1,,9,
2,,,
6,,7,37293
2,,6,
1,,7,
1,,,
66,,4,37318
17,,6,
3,,7,
9,,,
2,,8,37340
3,,9,
4,,4,
2,,,
1,,4,37368
1,,6,
1,,6,
1,,,
469,,3,37390
4,,4,
1,,6,
1,,,
14,,4,37410
14,,5,
2,,6,
3,,,
7,,5,37432
3,,7,
3,,8,
3,,,
75,,5,37460
1,,10,
1,,7,
1,,,
1,,10,37490
6,,10,
1,,6,
3,,,
64,,3,37522
4,,4,
280,,2,
4,,,
1,,6,37535
1,,6,
1,,4,
2,,,
1,,4,37557
1,,7,
8,,7,
6,,,
4,,7,37581
1,,3,
9,,7,
4,,,
18,,4,37605
1,,7,
1,,6,
14,,,
1,,8,37627
1,,6,
17,,6,
1,,,
8,,5,37655
111,,4,
2,,8,
17,,,
188,,4,37676
2,,5,
2,,7,
1,,,
1,,6,37700
6,,3,
1,,7,
1,,,
119,,4,37723
9,,8,
1,,5,
2,,,
9,,5,37750
1,,10,
205,,4,
7,,,
31,,5,37777
2,,7,
2,,7,
1,,,
121,,5,37800
1,,9,
47,,5,
2,,,
2,,6,37823
3,,4,
3,,7,
1,,,
31,,5,37848
1,,7,
2,,7,
70,,,
56,,5,37870
1,,9,
2,,9,
5,,,
31,,3,37898
2,,4,
3,,6,
1,,,
5,,4,37916
1,,4,
2,,4,
206,,,
1,,4,37932
2,,5,
16,,4,
1,,,
1,,4,37950
1,,6,
1,,4,
2,,,
5,,11,37970
1,,12,
1,,6,
1,,,
7,,4,38005
28,,4,
1,,6,
1,,,
2,,5,38022
570,,4,
1,,11,
11,,,
67,,7,38048
1,,9,
1,,2,
1,,,
1,,6,38070
1,,7,
31,,3,
2,,,
1,,8,38092
49,,9,
2,,11,
5,,,
4,,7,38129
7,,4,
1,,5,
1,,,
5,,4,38149
37,,4,
1,,8,
10,,,
2,,6,38171
2,,7,
5,,7,
1,,,
22,,5,38198
15,,5,
1,,5,
3,,,
1,,7,38220
2,,5,
1,,8,
9,,,
1,,7,38245
9,,5,
24,,5,
1,,,
1,,3,38271
151,,5,
16,,6,
1,,,
12,,3,38290
8,,4,
8,,7,
1,,,
3,,8,38311
1,,5,
1,,6,
7,,,
4,,7,38335
17,,5,
1,,7,
6,,,
2,,2,38359
1,,4,
26,,3,
3,,,
2,,7,38369
1,,2,
7,,1,
2,,,
3,,5,38381
1,,5,
1,,7,
2,,,
1,,3,38401
4,,4,
40,,4,
46,,,
6,,5,38417
1,,4,
1,,7,
6,,,
1,,9,38439
3,,5,
11,,3,
1,,,
15,,3,38465
1,,2,
1,,4,
2,,,
1,,4,38476
5,,6,
6,,4,
1,,,
626,,3,38496
1,,5,
3,,5,
2,,,
3,,8,38516
123,,4,
11,,8,
1,,,
1,,2,38543
2,,3,
5,,4,
4,,,
6,,3,38557
17,,5,
6,,6,
1,,,
1,,4,38575
2,,7,
1,,3,
7,,,
2,,4,38593
1,,5,
1,,4,
2,,,
6,,3,38610
1,,5,
1,,4,
5,,,
